{"loss": [-0.1383386521727377, -0.3783530091852812, -0.43461877039583435, -0.4674846531848547, -0.4898954498009093, -0.5080691942870437, -0.5229043199741673, -0.5341918013562028, -0.5436764923490096, -0.5516097905479859, -0.5577735823557513, -0.5641510283586254, -0.5704063348579935, -0.5760886782743228, -0.5802243246163702, -0.5854187432380058, -0.5904787596565595, -0.5932898530901098, -0.5970183080379543, -0.6024343422733366, -0.6073699824084108], "mse": [0.1592736498797231, 0.06316088358485576, 0.06007078083359516, 0.059550558667734406, 0.058030733203401415, 0.0560962223285292, 0.053932496012020874, 0.05297040509793965, 0.052201437988543965, 0.05159067021368955, 0.05149198200217852, 0.05095535665930198, 0.050754350294685564, 0.05044013715405573, 0.05026258842372143, 0.05019263930558116, 0.050050135515517936, 0.0499520720300799, 0.04995767836343022, 0.049625442328281366, 0.049539816072718866], "mae": [0.2618977493524803, 0.1892461744491724, 0.18087454832818517, 0.1768598262084727, 0.17390234687887549, 0.1711253918139087, 0.1685221986644664, 0.16713032132356614, 0.16560251013608018, 0.16446473604724607, 0.16404626031605854, 0.16310586748458838, 0.16233656505616378, 0.16150902623750374, 0.16093671833593728, 0.16067775923254476, 0.15998129667396965, 0.15952215377586162, 0.15932697102827303, 0.15857084909988017, 0.15805111306823086], "val_loss": [-0.38895645845382887, -0.4586689413009205, -0.48139903467239403, -0.5123033533067498, -0.534646548963564, -0.5517544023309695, -0.5636413454496746, -0.5734573504546794, -0.5810185333889121, -0.5900367508132907, -0.5944172598272303, -0.5874361756358308, -0.6049677804696539, -0.6104588361865864, -0.6171974463498655, -0.6169501513612654, -0.6283104866678187, -0.6317967923604705, -0.6317302552652172, -0.634429958194676, -0.6438065058866497], "val_mse": [0.06215822218531152, 0.057376976107094656, 0.06161377376889752, 0.05764409684079605, 0.05592007732557503, 0.0533829529685348, 0.05193925282077455, 0.05100038311223561, 0.049821044026325596, 0.05000677800417686, 0.05153773150257507, 0.05094646153896917, 0.04807302306279644, 0.0474663254348983, 0.048698842812667016, 0.0480616812047448, 0.04633037678050429, 0.04744677502623003, 0.04816663385050871, 0.048256903257259925, 0.047414208594417584], "val_mae": [0.18885748980093087, 0.175345361777922, 0.18103366217962125, 0.1721419058480537, 0.16899696886799062, 0.16775732300526588, 0.16416205938918457, 0.16309422087768022, 0.1609643264527624, 0.1612462993217989, 0.162974780996554, 0.16377762163817258, 0.15918622574791674, 0.156060469125881, 0.15859982969713127, 0.15768604926790925, 0.15403399444493474, 0.15612366228309243, 0.1578222297080095, 0.15686124332171283, 0.1547946854127824]}