{"loss": [-0.2853951940674118, -0.5135658929534598, -0.5546077330181495, -0.5760266051648771, -0.5863833563164196, -0.593743322883314, -0.5984829205536606, -0.6035242885050424, -0.6066020624387428, -0.6084903252379974, -0.6104058629218546, -0.6118342717016965, -0.6131177689287732], "mse": [0.1474223169248084, 0.04879788178853713, 0.046384527076901556, 0.045413178349147335, 0.04502767463513744, 0.044526802201268326, 0.04433545240027323, 0.044097189453148514, 0.04406957459052176, 0.04424173502929349, 0.04423178864210069, 0.04443635782506032, 0.04438650365901786], "mae": [0.23803804978773863, 0.1690818857394774, 0.16370538957439795, 0.16111481975069106, 0.15993302536484663, 0.1586229968727182, 0.15814331050403985, 0.15754194975491692, 0.15719935624652318, 0.15716856840325788, 0.15693429955238597, 0.15675341000660845, 0.15637430002200858], "val_loss": [-0.5574995627817648, -0.598960886008432, -0.6164311353222536, -0.6213748013344017, -0.6252325001557756, -0.6284669898450375, -0.631432981187537, -0.6309184048936929, -0.6325319325189392, -0.6331924068455193, -0.6301148165537327, -0.6328364499538558, -0.6350282309017418], "val_mse": [0.04683192575830874, 0.042541675094363705, 0.04256175184135355, 0.041445817830462285, 0.04111270418854648, 0.04065680158466048, 0.040180746455226, 0.04024601258854168, 0.04014901507583318, 0.040530646852523666, 0.04047323032792381, 0.040243221023992075, 0.04012633997917359], "val_mae": [0.16776102277131047, 0.15836924169699632, 0.15714147840313902, 0.15590168504774993, 0.15472362952655702, 0.15432422987247946, 0.15386855515384842, 0.15315403641849862, 0.15296656361290717, 0.15354113931711696, 0.15330820137720436, 0.153181650284217, 0.1532650119937667]}