{"loss": [-0.029011604212559165, -0.35644549612199594, -0.4223005495517368, -0.45951925517667175, -0.48753359586928113, -0.5078887447052183, -0.5237015509192335, -0.5352778090854204, -0.5458717967373736, -0.5553091421677319, -0.5641689397299194, -0.5708697263270455, -0.5773312879396664, -0.5816531537493193, -0.5877414299146504], "mse": [0.23376011560927376, 0.06502306416186002, 0.06125096619603125, 0.06034674042937471, 0.05994337132211268, 0.05818058336431591, 0.055673472161966615, 0.054204037342190224, 0.05267653104377181, 0.051899110748892203, 0.05124269498156691, 0.05099138949220264, 0.050661340777649645, 0.05050832570533563, 0.05052535928558937], "mae": [0.3027807491144431, 0.19256438169541903, 0.18269795668540248, 0.17771113726984566, 0.1740338085873464, 0.17126413957699615, 0.16845578852774762, 0.16670551643130432, 0.16488098374216678, 0.16378226967813167, 0.16263060963922932, 0.16215145224084831, 0.16125659819671034, 0.16055145945342722, 0.15995826624605647], "val_loss": [-0.36816102415258356, -0.4409377324566868, -0.4851881857890026, -0.51202225115942, -0.5351430523121659, -0.5499820034133225, -0.5668697439958358, -0.5732225143133244, -0.5844660540783083, -0.5950493768558477, -0.6009524169342287, -0.6053378688307797, -0.6150958572160647, -0.6217430756923836, -0.6177087545083375], "val_mse": [0.06400598998210727, 0.06009503152263627, 0.05519661187431175, 0.058769205370950366, 0.058525618529174386, 0.05522292025812386, 0.051782067829438, 0.052806864867801374, 0.04934469988457664, 0.04895135390779932, 0.047117307704292524, 0.04690656509211462, 0.04839967017691543, 0.04674921681105, 0.047031087729469824], "val_mae": [0.19206245799097865, 0.18279224131840446, 0.17213604488906545, 0.17260482341362623, 0.16990792075048755, 0.1666889527896971, 0.16085499251189964, 0.1654374156705386, 0.15949786428478951, 0.16003648727119799, 0.1560111421027354, 0.15743556368823458, 0.1589650844551545, 0.1561969431110687, 0.15732083126305496]}