{"loss": [-0.10343564219013607, -0.34201353425819864, -0.40509350545825656, -0.44358817617020624, -0.47389368971100515, -0.49780170393364775, -0.5156362011217823, -0.5332520367025673, -0.5439232274971931, -0.5556090426148063, -0.5619786002857114, -0.5681870353402262, -0.5748748375851417, -0.5807939587939808, -0.5868438320057531, -0.5906230672305567, -0.5947837227759482, -0.5997101866802718, -0.6035815449244544, -0.6070345596474069], "mse": [0.16603259723762684, 0.06754671464196019, 0.06309640638233759, 0.06145239413314675, 0.05931977678027441, 0.05778835737779579, 0.05589898700287067, 0.05442008288458713, 0.0533473543910928, 0.052384253390995915, 0.051910912476082434, 0.051249768545714655, 0.050658696093718654, 0.05014319234202794, 0.05024302802819344, 0.0498517114306888, 0.04972440513906024, 0.04908811901189232, 0.04894835691217345, 0.048592571045766496], "mae": [0.26891673856474096, 0.1962975544219891, 0.18648418444653825, 0.1810334905676537, 0.1761854539555996, 0.17280852251206316, 0.1697029574793579, 0.167462971602573, 0.1658603345113308, 0.1642403310668515, 0.16327659688128526, 0.16215002097600478, 0.16133971070763503, 0.16070505069220034, 0.16028951974358227, 0.15958017299324048, 0.15905161981243737, 0.15814790186759467, 0.1579079136957704, 0.1574847744339232], "val_loss": [-0.36190214279377086, -0.42844351929148417, -0.46465421234053084, -0.486828856725077, -0.5255145212239505, -0.5294415752147081, -0.5619772927906974, -0.5731022598137527, -0.5775308095515813, -0.5875622937618025, -0.5949945317561826, -0.6008331344466176, -0.6084713138029862, -0.6027838126999627, -0.6226652343773675, -0.6258953817071918, -0.6215177641058737, -0.6277739197496026, -0.629373883361237, -0.6361907705833376], "val_mse": [0.06402670365566783, 0.06116247810877678, 0.06365256064704486, 0.06320162643986764, 0.05488855909160257, 0.05638383706230086, 0.053387027042382476, 0.05348759873620906, 0.05130904075569548, 0.05119098733805561, 0.05044723408725048, 0.051510974360818126, 0.04885082033086399, 0.0516135737166873, 0.04788444903500716, 0.046691136376263785, 0.051398762843315245, 0.04756882369521525, 0.0483663483840845, 0.047824163853031836], "val_mae": [0.19285839886927023, 0.18491346742114123, 0.18417451740323668, 0.18069020467923907, 0.16886834987156898, 0.1717182721306638, 0.16544211757100002, 0.16615327851983105, 0.16425235366338428, 0.16129982727174144, 0.16247704910692023, 0.16231281002691397, 0.15809574792038272, 0.16375925726799184, 0.15520540021931045, 0.155178959958437, 0.1623966306486923, 0.15707329819011356, 0.15793028524476477, 0.15617552329542744]}