{"loss": [-0.2927848542220777, -0.5108917761067732, -0.5502452269709165, -0.5692996996670779, -0.5804303087982198, -0.5866957031854568, -0.5918448183610352, -0.5952382627423477, -0.5978626512202921, -0.6011882959850793, -0.6031989881191232, -0.6053676562555795], "mse": [0.12739797776923814, 0.04831918172310434, 0.04571450847300732, 0.04443610244404969, 0.04387422665025162, 0.04318861166032356, 0.042827070643413324, 0.04252559162710511, 0.04239379813911718, 0.04229944378362587, 0.0423838504538259, 0.0421661845996224], "mae": [0.23014652114988102, 0.16908882861746197, 0.1638545308155022, 0.16135692635670715, 0.16009993681712617, 0.15890113221714985, 0.1581310619591573, 0.1575448221186979, 0.15716415821640134, 0.1568805129757715, 0.15682509248273088, 0.15627522910315692], "val_loss": [-0.5553379934149475, -0.5814695912331027, -0.6159120645676822, -0.6184144786726881, -0.62738851903092, -0.6272916666761883, -0.6283158775445324, -0.6310069460105875, -0.6302427105875456, -0.6258250509517089, -0.6318450028754692, -0.6328094023026447], "val_mse": [0.047384984215372655, 0.044633412714751415, 0.04078419712971067, 0.04347066818111224, 0.04081427085035655, 0.04053052886826885, 0.041993170578440805, 0.040007833860380176, 0.04132489118372936, 0.04152002291549853, 0.04163194628754901, 0.04030873272452806], "val_mae": [0.16762618390125858, 0.16263648720833312, 0.15511927222536856, 0.1599464953840832, 0.1551763446929177, 0.15365664029079276, 0.1566583302477539, 0.152753076479892, 0.15549478888537985, 0.1556623980481928, 0.15573990589843623, 0.15346314765302327]}