{"loss": [0.044560649269786916, -0.35452399814783864, -0.42668879914019153, -0.4692799363632338, -0.49697324145739163, -0.5171978210230163, -0.5315424029890281, -0.5425723417642149, -0.5535273064634313, -0.562810901813108, -0.569942742083216, -0.5761225426615066, -0.5815127345787534, -0.587296151427537, -0.5928288697082306, -0.5970043802382871, -0.6020172729200992, -0.6087251857867623, -0.6114562431569914, -0.6135255523497687, -0.6184269374616631, -0.6208799411625542, -0.6247054604942051, -0.6278484875627731, -0.6291840972395135, -0.6305038432779624, -0.6352338098735291, -0.630715770213417, -0.6395588314664411, -0.6389471037903526, -0.6410946062627033, -0.6471433448622367, -0.6432551977122166, -0.6513736372644557], "mse": [0.2442782470642541, 0.06516618844961766, 0.05971192650863087, 0.05859237783401755, 0.05701715977329571, 0.05597637951225806, 0.054806061282491145, 0.05407134178820363, 0.05322686091945909, 0.0529448290158682, 0.05279636367052605, 0.05199576584105081, 0.05153125757062322, 0.05161655246442139, 0.051192103662461554, 0.050484065017260035, 0.05047260676295841, 0.050171301690572385, 0.05036199542247085, 0.04965833789728782, 0.04965960293787006, 0.049492003305126986, 0.049434863916186365, 0.04921962373123755, 0.04938912002281599, 0.0493051201760441, 0.048850785500184936, 0.04889689968196399, 0.048973875560308924, 0.04842323751573754, 0.04872676000753763, 0.0483422950253268, 0.04820237550092707, 0.048012754171727325], "mae": [0.3160886987154298, 0.19253037000972895, 0.18137740695201598, 0.17627508180091853, 0.17235287738369284, 0.17000307071126294, 0.16800501638861137, 0.1667088065636708, 0.16519424226095708, 0.16401462342038656, 0.16354805817886545, 0.1623415974278496, 0.16153714330953972, 0.1610076886983316, 0.16025149610689832, 0.15947170062240507, 0.15900148312649096, 0.15828892313368464, 0.1580521352146633, 0.1575778216096627, 0.15710689930724278, 0.15681512800054015, 0.1562318734184496, 0.15622021205047185, 0.1560717566188718, 0.15590914182178509, 0.15508931708876758, 0.15508914806144153, 0.15465002036216857, 0.15450373249741106, 0.15448311535410755, 0.15379674996970683, 0.1537736600831506, 0.15321610213574927], "val_loss": [-0.3593821260033221, -0.45501801422196814, -0.49420242318202084, -0.5253656473860976, -0.5393795417005177, -0.5653499111351443, -0.5620715878287311, -0.5761947266478415, -0.5840518603763358, -0.5912341633681792, -0.6047093410869145, -0.6116194815637758, -0.6099929622689243, -0.61099276115683, -0.6316407285371101, -0.6294659061863603, -0.6405609316104952, -0.6456672192165037, -0.6491045795270738, -0.6524254842807348, -0.6541223637954388, -0.6555413227424493, -0.6512195015365083, -0.6621913040894042, -0.6650205132055003, -0.6698839378961806, -0.6689351707800756, -0.669667980873808, -0.6764029504906529, -0.679683820013515, -0.6768626253273118, -0.6833280272269134, -0.6831311088782258, -0.6851274836094537], "val_mse": [0.06573785432916174, 0.05747902208536811, 0.057908548804759354, 0.057864683227555155, 0.05601306426264216, 0.05225394174167789, 0.05083080864663946, 0.05333615169789032, 0.04825777895440338, 0.055384248834207186, 0.05238960688375586, 0.04750533578982285, 0.04813471162701447, 0.04898564259761795, 0.04813664441503169, 0.04864995866261085, 0.046493540788134266, 0.0467650399296723, 0.04594583436846733, 0.04643416759283817, 0.046752385218312986, 0.04496658471646599, 0.04906998346040499, 0.04587842583030021, 0.045721437845327194, 0.04515668202373313, 0.047094835752932815, 0.048000684599408344, 0.04757728907831325, 0.044214589875402374, 0.046873014716785205, 0.045027375391616324, 0.04520361570889643, 0.04610569852336151], "val_mae": [0.19590908333088047, 0.17998133373904313, 0.1770405386045627, 0.17297736471616226, 0.1696603773648523, 0.16305996535365383, 0.16398869030411234, 0.1650612497449129, 0.15856328865558636, 0.1667404738855175, 0.16334843320142517, 0.15742493390336063, 0.15784212269979278, 0.1606435849418935, 0.15482204011560316, 0.15705246142134432, 0.1537241622974337, 0.15348417319045873, 0.15146350257020794, 0.1526306629998655, 0.15309667428922985, 0.1510785207450909, 0.15799530452759838, 0.15200188563883513, 0.1521481139332264, 0.15054558209737418, 0.15284615621386088, 0.1546508230606438, 0.15439835463355228, 0.1487876753799799, 0.15165412938709044, 0.15056511942128478, 0.15130943157272056, 0.1516483742808631]}