{"loss": [-0.29078708273817183, -0.505477356939642, -0.5374858747238139, -0.5589293248914979, -0.5749769881377936, -0.5845275043929707, -0.5892670190213561, -0.5951780328468992, -0.5970929513400597], "mse": [0.12923636897640808, 0.047831300757540565, 0.0457160163395084, 0.04444643354311084, 0.04369328299298062, 0.042914304532315754, 0.04266533504795591, 0.04245601987870644, 0.04239726999130909], "mae": [0.2314586645779442, 0.16894661283319878, 0.16461267576578562, 0.16183502569657948, 0.16028640099667263, 0.15859430628085355, 0.15789292541893615, 0.157453028067992, 0.1573452668953744], "val_loss": [-0.5599826405371141, -0.5812167625400393, -0.5996262889072405, -0.6122062023656686, -0.6224454037660845, -0.6246849288801949, -0.6282468611117807, -0.6255547635309898, -0.6224730443538499], "val_mse": [0.0462706489472028, 0.04394601889665472, 0.04226164533114949, 0.04197304761497955, 0.03981518131341825, 0.040836490784498594, 0.041089175259135004, 0.040836663807284866, 0.04196257426324482], "val_mae": [0.16723302134408125, 0.16140074458618256, 0.15806885405242865, 0.15762361863055416, 0.1531937675609816, 0.15433795785024604, 0.15482511561587717, 0.1543969850157891, 0.1572198650730583]}