{"loss": [-0.1068389169099121, -0.350928999637561, -0.41606427582510364, -0.457117756525656, -0.4825556461089188, -0.5011261960251758, -0.5157137842419315, -0.5249304049157273, -0.5365671760941984, -0.5432015267520568, -0.5537000670641625, -0.5604738041751799, -0.5681358714222702, -0.571763297717121, -0.5793800552121515, -0.5854506769639551, -0.5883847978250212, -0.5947138805530868, -0.5990962573660401, -0.6033796776571267, -0.6071250105845549, -0.6127520319706692, -0.61519046665689, -0.6206097425546476, -0.6231457849322654], "mse": [0.1586786743270316, 0.06481825841794603, 0.06078003565327371, 0.06137715729348247, 0.06296758468012682, 0.06293106024603609, 0.061267184973984985, 0.060476217092426746, 0.05903986731877133, 0.05813282922251144, 0.0569961494393029, 0.05609327759245567, 0.05488566608107257, 0.054456076659666494, 0.05355441448544617, 0.05289264720518402, 0.05253078048997681, 0.0519254507466068, 0.05170277860122324, 0.05149353845979943, 0.051194722797325176, 0.05124872273363719, 0.05118618758200458, 0.050679023384448185, 0.05101482489342552], "mae": [0.26647824001376946, 0.19304163956501988, 0.18287768417771122, 0.17827441523169982, 0.1754383801452575, 0.17336606133054241, 0.17124111649364385, 0.16949968704454577, 0.1682244253668003, 0.16701931963897376, 0.16562806817334857, 0.16484193115312362, 0.16368141872069905, 0.1630277727323733, 0.16210342083965254, 0.16136375644730272, 0.16083842560779196, 0.1599824520570886, 0.15945297904427166, 0.15899258856497367, 0.1582768388804557, 0.15812975092981105, 0.15782189653927495, 0.15701202976890527, 0.15710549884427194], "val_loss": [-0.36791346007016995, -0.44522699410297, -0.47481807926507463, -0.5083067781139385, -0.5223966509635959, -0.5538384494881181, -0.5602815931026892, -0.5512779113748971, -0.5807877563472305, -0.5761496303440802, -0.5903764841688687, -0.5955508994944524, -0.6048177825124733, -0.6086692579077615, -0.6152872417952853, -0.6183210364721378, -0.6242943419734153, -0.6307819080847326, -0.6354206204771321, -0.6375335820914872, -0.6459475587242208, -0.6463984184986051, -0.6507859596664586, -0.6538133534021962, -0.6576986218371043], "val_mse": [0.06264549767832152, 0.05913319370874856, 0.05803328330988772, 0.06328065675936431, 0.06111878221724767, 0.061538806401731816, 0.06781349298325189, 0.06812592187510212, 0.05277703213627136, 0.057698021309031663, 0.055479583599789634, 0.05302357155819933, 0.0518538981841598, 0.05228832975364183, 0.050474624533225695, 0.05167662701163869, 0.051189839185251225, 0.04920424554798791, 0.04665661018377475, 0.047832428184840896, 0.04578355345907475, 0.04728247893678888, 0.04897714506726037, 0.04598399557056431, 0.04649753084743739], "val_mae": [0.19187211375099442, 0.18207877098164077, 0.17540385137970854, 0.17644353621097392, 0.17020734024432063, 0.1693294084199318, 0.1701297820042754, 0.17682738950677243, 0.1615843220909194, 0.1673743779534143, 0.1631116424963034, 0.16001055158596836, 0.15924192626249914, 0.1596284341716081, 0.15873910220605986, 0.15709291003281023, 0.15761070916565453, 0.15814227405740824, 0.15224359106622923, 0.15410496554100556, 0.15066245113230126, 0.15431556401560115, 0.15505968109552037, 0.15270209681722968, 0.15140737425081613]}