{"loss": [-0.2936648066600483, -0.5022883078515165, -0.5346968193940066, -0.5576871607998324, -0.5759239258110205, -0.5846830141514722, -0.5923548999681658, -0.596618865455646, -0.6004208608536727, -0.6033875090904557, -0.6053828667730822, -0.6082457243820897, -0.6098207659128518, -0.6114979873148765, -0.6128620725731146, -0.6146452838013843], "mse": [0.12829614692068564, 0.0486203947811977, 0.04631172250193011, 0.04477281161370354, 0.043917082887404923, 0.043543125304652645, 0.04289895794596466, 0.042758792152326405, 0.04274174915387406, 0.04251483893978897, 0.04280460388448078, 0.04285537198892245, 0.04260455752224505, 0.04269962787759186, 0.042945806607205296, 0.04273811784268155], "mae": [0.23043016684848233, 0.1699368995127328, 0.165424720226169, 0.16236454069340994, 0.16024444832076357, 0.15918879992872567, 0.1581175080055673, 0.15754711892808979, 0.1573225099814412, 0.15671754965359283, 0.15682642295592059, 0.1566457564960197, 0.15606009687806852, 0.1560137022229692, 0.15621306016950068, 0.15557272519585919], "val_loss": [-0.5504559857125786, -0.5783217192920379, -0.5940375386773487, -0.607996660837568, -0.6198231236443135, -0.6229352422664106, -0.6184891484704119, -0.6304991898610661, -0.6312410770339543, -0.632194404125003, -0.6340543226875338, -0.632464645022375, -0.6327966472245884, -0.6317601324266395, -0.6359534637127138, -0.6235681858716711], "val_mse": [0.0462955504165495, 0.043968479139993605, 0.04275493899297772, 0.04287634469904401, 0.04244025086065879, 0.041784390892715, 0.04243925901281223, 0.04043668891918638, 0.04033517926954418, 0.041442859856997596, 0.04174873504011033, 0.0398138075665482, 0.04039273177793533, 0.04051594991753595, 0.04085597350976229, 0.04093838365198946], "val_mae": [0.16685136060095507, 0.16155466844094094, 0.15985412154570486, 0.15905586943398936, 0.1574944350210285, 0.1555354152690922, 0.15694091170236416, 0.15378237492651695, 0.15324698578790094, 0.15528689562458242, 0.15590283589918075, 0.15213316511165337, 0.15364879532305806, 0.15436101870696872, 0.1540851470398924, 0.1561114654840092]}