{
    "draft_aft_telegram": 12.24355603667567,
    "draft_fore_telegram": 11.982265906170277,
    "stw": 17.26899174142031,
    "diff_speed_overground": 0.00046443793738906215,
    "awind_vcomp_provider": 16.425644157256006,
    "awind_ucomp_provider": 5.993515067496177,
    "rcurrent_vcomp": 0.00437564767400362,
    "rcurrent_ucomp": 0.00023981887461656172,
    "comb_wind_swell_wave_height": 1.5637954942469312,
    "timeSinceDryDock": 971511.1707423696,
    "power": 20287.89909605318
}