{
    "draft_aft_telegram": 1.4641056704171878,
    "draft_fore_telegram": 1.6230636026381877,
    "stw": 2.915443289044132,
    "diff_speed_overground": 0.29909943070719786,
    "awind_vcomp_provider": 8.891015367805275,
    "awind_ucomp_provider": 4.551165657112417,
    "rcurrent_vcomp": 0.47324838468836605,
    "rcurrent_ucomp": 0.343891762770177,
    "comb_wind_swell_wave_height": 0.8663071470964885,
    "timeSinceDryDock": 455741.13183031953,
    "power": 7713.944817085232
}