{"loss": [-0.06987793713107252, -0.3506112913357671, -0.4207701983237468, -0.455479246485537, -0.4857500471721662, -0.5066013353616493, -0.5249690448655838, -0.5399124788266952, -0.5504356473858389, -0.5586991729352366, -0.5652804292766515, -0.5728162207781936, -0.5798001120996235, -0.5869076057454307, -0.5940968694667932, -0.5991483109936069, -0.6031921922001524, -0.6087957917770187, -0.6130875758177586, -0.6163295220833004, -0.6223976202966139, -0.6275264425645141, -0.6305621184266033, -0.6346869152065121, -0.6370237515061725], "mse": [0.19969548667004158, 0.06691338945531705, 0.06448698109366788, 0.0648362285965469, 0.06420189471326304, 0.06319079318482239, 0.060815686885663946, 0.05926935341633701, 0.05691286937011036, 0.05530008858365712, 0.05367795227380188, 0.05271705725635431, 0.051870323622693025, 0.050921403434108475, 0.05063308937773266, 0.05037860542396519, 0.050018965330998026, 0.049606179441489616, 0.04923540345666313, 0.04918333614873426, 0.04915435089459343, 0.04899483969452504, 0.04917421321248996, 0.048739843351784995, 0.048543560934663804], "mae": [0.28550177350581896, 0.1943292128570762, 0.18462115287654976, 0.17971540055057172, 0.17570595542799466, 0.17266073472571006, 0.17009403732910477, 0.16813605323025071, 0.1663635081404083, 0.16496202980794566, 0.16384019812151795, 0.16260594385941415, 0.1615635452332143, 0.16045997088029867, 0.15975446234697818, 0.1592398911305749, 0.1585594457686217, 0.1579552590294455, 0.15716830327374626, 0.15678186311639503, 0.1564531798719605, 0.1558258443909091, 0.15575437484859952, 0.15500667081078312, 0.15467483657587713], "val_loss": [-0.3574997190392547, -0.4467738072715622, -0.47686096318455523, -0.5092905603822983, -0.5295223176855762, -0.5565535831443628, -0.5647794051024453, -0.5815430091375985, -0.5880405404037092, -0.5975600204621977, -0.603558582850839, -0.6058564228606037, -0.6095985504977067, -0.6244011316708052, -0.6195913564011403, -0.6328165013122434, -0.6323056917683016, -0.6469272688868414, -0.6496590579752827, -0.65596384507075, -0.6630645969798237, -0.666128171237919, -0.6623234818900452, -0.6671371571622295, -0.6763316740473336], "val_mse": [0.065248463705234, 0.06023351351798671, 0.06940200704698311, 0.06387342724832301, 0.06346971599891367, 0.06536908152039432, 0.058459629315253385, 0.056898659343412636, 0.05689153741746621, 0.053864467893126794, 0.0538559838892561, 0.05182230834547391, 0.04944256848723787, 0.04790625904681881, 0.05077433115429527, 0.04729852812017479, 0.049139565333094486, 0.04594353345816611, 0.04799267786225622, 0.0467598559261861, 0.044298259835067216, 0.044637594084849234, 0.04653693305309018, 0.047971814416936286, 0.04515100630220895], "val_mae": [0.19340613313045235, 0.17816969495305615, 0.1824239630135302, 0.17469378064941446, 0.1742343931144123, 0.16747899699423993, 0.16493171499555326, 0.16533304603595145, 0.16481264049141872, 0.16177738648076714, 0.16073722321579056, 0.1604295454153512, 0.15882207008033264, 0.1563504681263755, 0.15966913116388412, 0.15596047873878105, 0.15907287889708624, 0.15294617769480376, 0.15521338564515738, 0.15327653716535727, 0.14979061730309853, 0.1500532451419984, 0.15455063840679384, 0.15494908798057652, 0.1515605948177468]}