{"loss": [-0.19245720584879683, -0.49860560272071247, -0.5392875965787183, -0.5636819604248811, -0.5774687239306692, -0.5856713877037304, -0.5910464432376468, -0.5964057456139213, -0.5995365461970278, -0.6032392093855945, -0.6061282270697916, -0.6090423720669491, -0.6100569339508949], "mse": [0.20685166431904203, 0.04939590234992974, 0.046671302483533864, 0.04525977796393615, 0.04497855821026301, 0.04478393083045242, 0.044774616110602836, 0.04465454565492154, 0.04432626009625397, 0.043940425242784374, 0.043884111090822416, 0.043759792476083616, 0.04377214187807446], "mae": [0.2723695742149783, 0.17081382595936823, 0.16503748910735141, 0.16213811892936353, 0.16075471994800306, 0.15998953815902775, 0.15952100727991955, 0.15896648600606378, 0.1582921060300019, 0.15746490988390527, 0.15745132601270254, 0.15715808478927393, 0.15690029882464204], "val_loss": [-0.551356608828023, -0.5850579266439689, -0.6006758354814862, -0.609258867885799, -0.6210735824103911, -0.6267716097069556, -0.6274894979015625, -0.6292285629755459, -0.6289711722136597, -0.6247139033555406, -0.630090447027539, -0.6324962743396736, -0.629072967031477], "val_mse": [0.046595601559132865, 0.04364667374265541, 0.04291230104057375, 0.04499589761327492, 0.04285526797652587, 0.04259090232679311, 0.042313103504024785, 0.0420224556046153, 0.040138473035767674, 0.040956253548277796, 0.04117023189183548, 0.0405555763964742, 0.041369044824993706], "val_mae": [0.16756725558754412, 0.16045053341416082, 0.15977586616923237, 0.16125007740521388, 0.15719733016019155, 0.1559592290277932, 0.15577509194322905, 0.15549328261756012, 0.15329951353292162, 0.1539654861543288, 0.15554648454797984, 0.153548645941613, 0.15551188540095365]}