{"loss": [-0.10741830645154354, -0.3512327569839818, -0.4216260831176399, -0.4568018515439036, -0.4846663295945283, -0.5055541271513976, -0.5227201468031881, -0.5354316496779653, -0.5458275313432143, -0.555863967018226, -0.5630911841903209, -0.5688256823719177, -0.5755788188543365, -0.5813246082584156, -0.5853281229202076, -0.5905552213396658], "mse": [0.16303319729828658, 0.065498375235856, 0.06124749960473837, 0.06087312311336133, 0.06030302041805191, 0.059506840131422156, 0.05749857412133998, 0.056233118843587095, 0.05508717712040745, 0.053774964141122886, 0.05242551462980308, 0.05193788650888419, 0.051198758438615904, 0.05062364633488509, 0.05068649316618187, 0.05019353552776753], "mae": [0.26722707168000054, 0.19372555491235696, 0.18289274519238086, 0.1784391349164125, 0.17479500440694784, 0.17222215871621155, 0.16958361271367864, 0.16773525603140266, 0.1662510724245765, 0.1649893337177303, 0.16320546119147336, 0.1626361627660676, 0.1617450655211984, 0.1609613467101092, 0.1609346748377711, 0.16002611053710533], "val_loss": [-0.36940196253852564, -0.4497836783320646, -0.4870106673536608, -0.5129292251944594, -0.534472008161117, -0.5480145603509211, -0.564299186581311, -0.5791746272319337, -0.5848735037814657, -0.5911428230564769, -0.601009975739135, -0.6014086955846758, -0.6103896535478714, -0.6117400281708882, -0.6190897321867195, -0.6187722749021618], "val_mse": [0.06496355938806299, 0.05656683283698995, 0.06051177007246775, 0.059986387613109385, 0.05997874764303712, 0.05744311385155244, 0.057269899954999884, 0.05235224256279005, 0.050760306546931845, 0.05226997926892901, 0.04998208325963065, 0.0461314016002318, 0.04732392605869521, 0.050263995227634334, 0.05118132311524661, 0.046457147916116937], "val_mae": [0.19487817081840197, 0.17854160388431897, 0.17842921046118287, 0.1748397095511807, 0.17157144680982683, 0.16595112588840702, 0.16633823470501327, 0.16224952151784705, 0.16041859960384694, 0.16265012882649899, 0.15795455847701337, 0.15347563514310725, 0.1554406294047521, 0.1617928185088086, 0.16018576321649636, 0.1546619139118477]}