{"loss": [-0.2956423222836369, -0.4963118674064949, -0.5308653489018389, -0.5554192784262268, -0.5711807350823457, -0.5823731223003944, -0.5902752679552233, -0.5955850299855621, -0.5988647994116542, -0.6028135870411901, -0.6047809666263037, -0.6066546121113208, -0.607760286554922, -0.6095156794980123, -0.6110614231830344, -0.6119497247906088, -0.6119723460577223, -0.6144789056367147, -0.6154814264496122, -0.6160395043161029, -0.6167538844592391, -0.6172539128139843], "mse": [0.11770833629317332, 0.04903980479903223, 0.0467993976959577, 0.045153965183821386, 0.04435843467940249, 0.043964990676360755, 0.04374742273953302, 0.04356363442364727, 0.043363083288050754, 0.04329455940895899, 0.04295260156838036, 0.0428935911315593, 0.042819077882186626, 0.04277502750533573, 0.04252457947866131, 0.04260993266609193, 0.042629154465055885, 0.04221114795119573, 0.04234671595326941, 0.04237535008665072, 0.04241244823731687, 0.042355028067000595], "mae": [0.22620009309746075, 0.170429830508768, 0.16623514475807866, 0.16283196150481882, 0.16083540018955503, 0.15970773600930468, 0.15885861294167486, 0.15820721108204364, 0.15779892427886663, 0.1576605588471124, 0.15706844563148803, 0.15673831658306836, 0.15644920728667797, 0.15622269132678662, 0.15595435700832158, 0.15584541136381824, 0.15588462882404663, 0.1552842211253964, 0.1554629414252914, 0.15531444848677434, 0.15522599096236245, 0.155393791282578], "val_loss": [-0.5475100421744922, -0.5747777784815842, -0.5905417145193677, -0.6029876285354366, -0.6165708250402351, -0.6232776571585148, -0.6271325512641099, -0.6268348936353524, -0.6288240289466962, -0.6294243928973066, -0.6330905259280818, -0.6328817069128998, -0.6330169149881801, -0.6302390288225912, -0.6324400728693489, -0.6335716488583559, -0.6356875920609009, -0.6344329543944857, -0.6340488178964849, -0.6375657430695297, -0.6360214311241208, -0.6348511152456485], "val_mse": [0.04599634240062203, 0.04522353911430117, 0.04411457625280263, 0.042983544987129446, 0.04303593480673227, 0.042836837363577455, 0.042414110427057575, 0.041242567702219575, 0.0412912090101638, 0.04122886504622525, 0.04074495202160766, 0.039376990302785075, 0.04037671052199186, 0.04170482769253081, 0.03983891179929932, 0.03984420186866325, 0.040081941398426676, 0.03888962688845954, 0.04009112755294113, 0.03978665656156759, 0.04077385248724937, 0.040459376805076906], "val_mae": [0.1659450828634176, 0.16381417766424033, 0.1618421217788656, 0.159016024005392, 0.1589526606151051, 0.15759851317523646, 0.15668958670364252, 0.15562234747852116, 0.1551989905220249, 0.15487584424313725, 0.15383968454894245, 0.1519811268264013, 0.15372478126716066, 0.1564660497378334, 0.15254190916281074, 0.15189014121811087, 0.15286508785040767, 0.151537761335712, 0.15291162214962628, 0.15245704798442525, 0.1534821724473061, 0.15318387538826508]}