{"loss": [-0.27117635272693924, -0.5043295322035066, -0.5358781942137337, -0.5584736063548958, -0.5757800641794908, -0.5848643820917387, -0.5912102050094976, -0.5952884233027514, -0.5996079492682893, -0.6018223679135197, -0.6047721703318646, -0.606117183127489, -0.6083424151791345, -0.6104385040755119], "mse": [0.1397003541894781, 0.0480494202069642, 0.04597297013597705, 0.0444494374593099, 0.04382042164501338, 0.0432826710418892, 0.043030215370033036, 0.0428619617931203, 0.0429594396879549, 0.04279958954844225, 0.04279521825344555, 0.042633647128187735, 0.042845661460339385, 0.042770002543162954], "mae": [0.23839320113215973, 0.16926131169046832, 0.16501812996713028, 0.1617983468341718, 0.16023153630783069, 0.15883883636205567, 0.15812421494029713, 0.15766717352269258, 0.1574989113325555, 0.15701628699534165, 0.15690720433853453, 0.15630172961531064, 0.15625997887200901, 0.15624548761943063], "val_loss": [-0.5508814431536061, -0.5638677430743937, -0.5928238682652899, -0.6113950055316354, -0.6240977615466862, -0.6272634980680138, -0.6228664633636972, -0.6291684964309733, -0.6271947460848009, -0.630421956145458, -0.6304018537089386, -0.628714917619242, -0.6323828816400716, -0.6280833678385868], "val_mse": [0.047113424717438776, 0.04471429257962997, 0.04426857536615863, 0.042254653613678715, 0.04149041005637326, 0.041930614718048445, 0.042748099479284596, 0.04201443748328137, 0.041436661507065535, 0.03890666738563865, 0.04231770587558512, 0.04071020480581023, 0.04093790517925769, 0.04107300938985742], "val_mae": [0.16799543891431165, 0.16306493909167316, 0.16199335481563432, 0.15803216141072685, 0.15590038651422772, 0.15612031212701816, 0.15803960126959604, 0.15655335503574394, 0.15559362965000814, 0.15048261709484953, 0.1569977639565514, 0.15428185651848889, 0.15433367843288837, 0.15430429901651274]}