{"loss": [-0.08219931679751127, -0.37296835591385963, -0.4302551654957848, -0.46345101383413345, -0.48966600032978685, -0.508133430424533, -0.52784921349528, -0.5440740926126633, -0.5549952383334239, -0.5646879341108525, -0.5728165343348784, -0.5785969230681344, -0.584712349674093, -0.5926164254539427, -0.5970794768704684], "mse": [0.2121927090040286, 0.06409893780694036, 0.06050633614591385, 0.05926762672120417, 0.057646316042484956, 0.05599842803574647, 0.054229782413739575, 0.05300431409252671, 0.05169717300024006, 0.051126328672520774, 0.05108245743064051, 0.05044720304019711, 0.05045498685649056, 0.04955560849715032, 0.049861608108773464], "mae": [0.28891921425111905, 0.19054637907866365, 0.18194328372579832, 0.17777783788846205, 0.1739602253739468, 0.17108941592022278, 0.16813335926203185, 0.16605564955849944, 0.16430036379409044, 0.16292796694247666, 0.1619961381219114, 0.16119721736405174, 0.16062466195765698, 0.1592763515083158, 0.1590296308494563], "val_loss": [-0.3916134215495468, -0.4574245467833941, -0.4904254413557073, -0.5206793562350113, -0.5377457502463553, -0.555045164715927, -0.5746624951351447, -0.5806565030383836, -0.597521551294116, -0.6034145332379623, -0.6127510844155472, -0.6152024197388921, -0.6229737209746751, -0.6190838948125831, -0.6322792726552653], "val_mse": [0.061826457967981696, 0.05877585052545036, 0.058881805401671844, 0.0549177893847941, 0.05397212327756507, 0.05561062245133239, 0.05297039013245639, 0.05198666138593951, 0.048360708612585214, 0.05122980174287271, 0.04798780637996057, 0.04957735251378956, 0.04748347422468252, 0.049633024856675326, 0.047551657346593224], "val_mae": [0.1888007364180653, 0.18008970694441206, 0.1772867687799374, 0.1696241532909953, 0.1683416093086324, 0.16656192860692637, 0.1639844911296297, 0.16427712457884064, 0.15879653463016818, 0.1610716766830313, 0.1558210954641216, 0.15921819014701902, 0.15687531153655218, 0.16104555011236918, 0.15603886470717834]}