{"loss": [-0.25413973124862993, -0.4835612761070923, -0.5198464029122839, -0.5467747092354097, -0.5662576613230033, -0.5785312065361381, -0.5865305691677223, -0.5926897476198841, -0.5977782056330267, -0.6013727768617668, -0.6041016452374444, -0.607217082723474, -0.6078578116703744, -0.6104358257429634], "mse": [0.15017205138203749, 0.050258848421868015, 0.04738439819430904, 0.045879123285071016, 0.04485898900372674, 0.04409246731361528, 0.04356001155063601, 0.04326329616579122, 0.04293578924588426, 0.0427734149517406, 0.04292721861905051, 0.04268741943728213, 0.04309481757838245, 0.04277363540564837], "mae": [0.24291531767411334, 0.1727314295334918, 0.1674239708173348, 0.16425705707310173, 0.16192186186164162, 0.1600594988155438, 0.15911347251465197, 0.15843249655189134, 0.15764313753728473, 0.1571566809558905, 0.15706105848199, 0.1564678113777703, 0.15673988795654126, 0.15614011383293602], "val_loss": [-0.5343638058198952, -0.5721856968957839, -0.5949334881166424, -0.6049119731437665, -0.6232103010270968, -0.6227790775047385, -0.6283759182786351, -0.6316338817954275, -0.6285434654838152, -0.6325554991562196, -0.629069954940108, -0.6320024017349886, -0.63400724102404, -0.6329219295271399], "val_mse": [0.04828968965333258, 0.04401556191909992, 0.04159646589957283, 0.04353367619861457, 0.04162955224306681, 0.04167509069271359, 0.04201395234484686, 0.04042820333315606, 0.04116907452279208, 0.040221671158342555, 0.04264978873839621, 0.04109896737473356, 0.040751254004212395, 0.04109855211428745], "val_mae": [0.17039070425838126, 0.16249420880850127, 0.15738347858559115, 0.16011760284459423, 0.15550765077922454, 0.15616278956535637, 0.15662131153784245, 0.15402184270138033, 0.15504896576276095, 0.15263217605992677, 0.1578957733793625, 0.15440295595188655, 0.15396240911061476, 0.1558199651315545]}