{"loss": [-0.25701438804102966, -0.5052730980488138, -0.5401525983487794, -0.5617093917328739, -0.5774081607160674, -0.5876744251222057, -0.5939516402752529, -0.5983506013474652, -0.6017108325812885, -0.6031830537809053, -0.6064413452517549, -0.6085972382479122], "mse": [0.15066275118739098, 0.04844236561236761, 0.04591447567777987, 0.0447047812171531, 0.04394080742618314, 0.04343532447022491, 0.0431683521956456, 0.04302710970265603, 0.04264906377728106, 0.04272701316510273, 0.04266219607306593, 0.042335572208445915], "mae": [0.24420323192845425, 0.1692828888771913, 0.1644844179853387, 0.16189986825171596, 0.16012257214396372, 0.15881518064334488, 0.1583012726497395, 0.15768286814747964, 0.15691723296675114, 0.15694183580007756, 0.15641619338127086, 0.15593189815816894], "val_loss": [-0.5554897479923581, -0.5812053713394665, -0.5992000295250766, -0.6153806717342338, -0.6213881304592894, -0.6262797796473486, -0.6285487066513394, -0.628928919556442, -0.6276435029064388, -0.6275973996581912, -0.6328477104434698, -0.6337281670421362], "val_mse": [0.046103168497776924, 0.044243333927049655, 0.04479944684572334, 0.042560502027849216, 0.04241169855498804, 0.04134780089963267, 0.0417984737430505, 0.040480277490351255, 0.04200718645500052, 0.04230546469013651, 0.04120523740402538, 0.04100568487404355], "val_mae": [0.16620510409819786, 0.16175613082392476, 0.16216290801394956, 0.15797646884730765, 0.15614784829476486, 0.15502239846009036, 0.1567545182634369, 0.15388683766100306, 0.15700355407127012, 0.15722925415387634, 0.1553356902074898, 0.15458752349835192]}