{"loss": [-0.052837576615610934, -0.36335664603748, -0.42783410067885963, -0.4637575207132692, -0.48950990357194496, -0.5092225074944392, -0.5267507823103832, -0.5430232181652082, -0.5542964254269802, -0.5629883399884053, -0.5704658915863488, -0.5777271235175824, -0.5835195861295212, -0.5887378673436711, -0.5939976042589716, -0.5996832185168519], "mse": [0.1933988787041781, 0.06423167023108078, 0.0622007775725502, 0.06325455702109027, 0.06293421386571796, 0.06139562052464293, 0.059986923593002374, 0.05683069358270122, 0.0555660711320604, 0.054455604178582216, 0.053168497112109914, 0.05219386123280263, 0.05171304581066909, 0.05063030537445843, 0.05052212509928894, 0.04952634118541172], "mae": [0.2869957320457271, 0.19133594329633158, 0.1825297089470486, 0.17831468725190092, 0.17461339631756637, 0.1721170554772572, 0.16942517389401565, 0.1668827060191143, 0.1652417609966193, 0.16425115900978396, 0.16266509807672277, 0.1616718331068296, 0.16111404898208345, 0.1596665035395296, 0.15956776961482072, 0.15850436530955628], "val_loss": [-0.3750642253060011, -0.45550843360363297, -0.49266999078921014, -0.5127277461883291, -0.5296591603317223, -0.5537579328581068, -0.5665132319814289, -0.5876256169472214, -0.5894508039423034, -0.5918174883162518, -0.6010606092812967, -0.6176126058593081, -0.6184747193449985, -0.6259758012330334, -0.6278328366694447, -0.6272779894888868], "val_mse": [0.06250402665914455, 0.05799730870960352, 0.0642711201208913, 0.06337259025621238, 0.06909422131534342, 0.06264051129126383, 0.05836210013058958, 0.05611122512657728, 0.056997877707094836, 0.05366155555559394, 0.052999439905640974, 0.04796534676254055, 0.050858070391622934, 0.04991113015723119, 0.04932598981483862, 0.05220440643570201], "val_mae": [0.19102271137441076, 0.17884692426394502, 0.1771622359856496, 0.1756985365617566, 0.17801518389104967, 0.16885646867471704, 0.1656235379040345, 0.16108443115542576, 0.16470010267109822, 0.1628614617738782, 0.16191791435411582, 0.1551506790926336, 0.15855340027487236, 0.15687386814881285, 0.15718327483441355, 0.16122670674806897]}