{"loss": [-0.32700752834763824, -0.5093234454950927, -0.5391345477746714, -0.5624179953906332, -0.5783876924869528, -0.5876773069293127, -0.5940913366478517, -0.5972001380730841], "mse": [0.11795862994404561, 0.048641332080616224, 0.046019699267462036, 0.04494760130927969, 0.04412439795364754, 0.04382448339401901, 0.04335626198770621, 0.043030187451830335], "mae": [0.22188676968216897, 0.16940716220652657, 0.16461001761553848, 0.16211518904894864, 0.16015982208220966, 0.1592659775110742, 0.15812436138590177, 0.15756801055476571], "val_loss": [-0.5568572399124188, -0.5837013820916835, -0.6021278794071647, -0.6168605115646397, -0.6186638597477978, -0.6267184517856411, -0.6242884291342522, -0.6263195380351305], "val_mse": [0.04678345014597865, 0.04328274231176994, 0.041570734379108826, 0.040003911710538416, 0.043495900324272654, 0.04143019683260879, 0.04122045500756837, 0.042312959104598674], "val_mae": [0.16722704329307425, 0.16060351929215996, 0.1569663345116082, 0.15345587834794824, 0.1589521579181137, 0.15581453624494085, 0.15550189506091414, 0.15633860964973065]}