{"loss": [-0.11171851234652612, -0.3356369892969157, -0.4061819529113126, -0.4452959341028206, -0.4758287890768479, -0.4977279258428665, -0.5147999434174005, -0.5280693208207459, -0.5389522828115669, -0.5489106228635195, -0.5567106020177232, -0.564699617416601, -0.572231096677417, -0.5770757267220725, -0.5837305796060027, -0.5895097933242416, -0.59339418219768, -0.596997000032658, -0.6028918052217419], "mse": [0.14930180750971445, 0.06663350586812827, 0.06288287808311688, 0.06377643499644695, 0.0648638372668614, 0.06492618405902273, 0.06582473496787693, 0.06418095756325515, 0.062182193351777555, 0.06086104949063068, 0.05947235703506508, 0.05747450578459144, 0.05538458096659171, 0.05426015159828919, 0.053474473358346174, 0.05224736376721968, 0.05156043543889422, 0.05079109902132301, 0.05033634119443337], "mae": [0.26122153412830335, 0.19610925617708944, 0.18560547139635997, 0.18042684739608883, 0.17701607840469813, 0.17398162959865104, 0.171780940718704, 0.17004783239068488, 0.16836468505731791, 0.16706892373441823, 0.16590619738431878, 0.16469462759116704, 0.16318889547848076, 0.16276395671521104, 0.16171166145832092, 0.1607719335272652, 0.16018226526077878, 0.15947324726680046, 0.15868388572918352], "val_loss": [-0.3465566260525989, -0.42545973082504623, -0.46736108292971545, -0.4979627038245106, -0.5221536525392106, -0.5272268835870543, -0.5564801598142975, -0.5703590959537683, -0.5753558664988297, -0.5859489835123775, -0.5955578661832037, -0.6023942231775005, -0.6038363629997503, -0.6123570254241288, -0.6211643730280499, -0.6215451198146525, -0.6236804696903255, -0.6246652811447658, -0.6319930041825418], "val_mse": [0.06733499629461963, 0.05710298009054534, 0.06195935737325417, 0.06269445057750683, 0.06638716883512817, 0.06424153197430178, 0.06139358381403266, 0.05751340432605261, 0.06233134009966218, 0.05854355646962566, 0.05525991546626135, 0.05672324483545711, 0.05435588846359571, 0.05320596967609632, 0.050726852924092465, 0.05294698005289047, 0.050747898253141695, 0.049584550318188106, 0.049417972043059276], "val_mae": [0.19863461884783534, 0.177946306090114, 0.17996929508053053, 0.17443185328191166, 0.16923636246070214, 0.16954034059357145, 0.1688714846384546, 0.16431852093920474, 0.16621839725623355, 0.1646285397016836, 0.16073671127393685, 0.1623016236680933, 0.16146882213911737, 0.16098509847676504, 0.15665513296523992, 0.161679223277168, 0.16013868587279775, 0.15883009481642926, 0.15899415950222714]}